r_center, dphi_dlnr, phi_bin
5.227419392225053585e+00,4.475028030876849206e-09,3.980968810082017055e-10
5.713760406068792541e+00,1.014519352241576046e-08,9.025127598378324917e-10
6.245348905143647933e+00,2.249976029377619811e-08,2.001570567733272834e-09
6.826394558923226441e+00,4.881445294907841576e-08,4.342516143601004427e-09
7.461498689963870667e+00,1.036029070861088779e-07,9.216477280094490376e-09
8.155690711952400918e+00,2.151039754281127460e-07,1.913557213933641952e-08
8.914467957823729805e+00,4.368958421854026009e-07,3.886609668127164639e-08
9.743839213348747919e+00,8.680812309729163270e-07,7.722419348608289562e-08
1.065037230093660447e+01,1.687313575847129440e-06,1.501028076679824829e-07
1.164124609046930736e+01,3.208368288177672585e-06,2.854152867504806909e-07
1.272430734904443739e+01,5.967955953858750023e-06,5.309072110459988406e-07
1.390813287982120805e+01,1.085975388979261415e-05,9.660797926211022799e-07
1.520209744204979074e+01,1.933157936956253717e-05,1.719730334399134791e-06
1.661644799014514717e+01,3.366415133240458315e-05,2.994750771335932781e-06
1.816238481970746221e+01,5.734835749342279094e-05,5.101689216592777856e-06
1.985215026308751618e+01,9.557125237012371074e-05,8.501984170843059562e-06
2.169912563688062690e+01,1.558068509752216909e-04,1.386052131628589345e-05
2.371793720907997027e+01,2.484842136473866623e-04,2.210506610243901927e-05
2.592457202504720826e+01,3.876716436977859057e-04,3.448712972221794977e-05
2.833650450953068756e+01,5.916736766906333491e-04,5.263507706320294630e-05
3.097283484729738134e+01,8.833919562301869102e-04,7.858623008760528238e-05
3.385444023822002890e+01,1.290261125658098305e-03,1.147811647807655546e-04
3.700414022461426100e+01,1.843549336499081736e-03,1.640014846345486826e-04
4.044687740005917220e+01,2.576824828169298025e-03,2.292334081307854802e-04
4.420991493074127021e+01,3.523449148001469265e-03,3.134447664980428961e-04
4.832305245350088541e+01,4.713072271355187026e-03,4.192732108596650782e-04
5.281886206028593023e+01,6.167272962633053683e-03,5.486383803207948778e-04
5.773294623778253509e+01,7.894692554660045353e-03,7.023090047355563760e-04
6.310421980485668314e+01,9.886219595574735272e-03,8.794745326297545270e-04
6.897521808047979164e+01,1.211095147657575283e-02,1.077385879060466494e-03
7.539243372253199027e+01,1.451373722419130145e-02,1.291136833301815157e-03
8.240668490492200249e+01,1.701504996816902496e-02,1.513652713634409692e-03
9.007351774863272453e+01,1.951372522389250783e-02,1.735933963962350531e-03
9.845364619355855496e+01,2.189274053822922589e-02,1.947570309025114556e-03
1.076134327944968447e+02,2.402774830991000546e-02,2.137499831023628120e-03
1.176254142487347139e+02,2.579758444730508374e-02,2.294943816029131663e-03
1.285688758169043524e+02,2.709555768698286571e-02,2.410411047693955446e-03
1.405304791859670672e+02,2.784007240820124060e-02,2.476642809000632797e-03
1.536049487463974117e+02,2.798312041299046149e-02,2.489368307957982515e-03
1.678958217182215549e+02,2.751541788636243518e-02,2.447761659730150405e-03
1.835162680661873651e+02,2.646743140387968277e-02,2.354533159900356210e-03
2.005899866970047754e+02,2.490614972087838719e-02,2.215642104003111117e-03
2.192521850356766038e+02,2.292810139948577713e-02,2.039675638140435367e-03
2.396506497382223984e+02,2.064967055329316320e-02,1.836987251117208186e-03
2.619469170198087795e+02,1.819612375025598042e-02,1.618720611677776497e-03
2.863175518661607271e+02,1.569087322969183601e-02,1.395854428159069155e-03
3.129555462583755343e+02,1.324636123533323891e-02,1.178391522043905704e-03
3.420718474837368035e+02,1.095760316137521333e-02,9.747844285601815068e-04
3.738970286352779340e+02,8.898952848709505356e-03,7.916476385995173740e-04
4.086831145288457492e+02,7.124142766494052231e-03,6.337611732552010310e-04
4.467055774971697133e+02,5.669185724708944094e-03,5.043287191255050889e-04
4.882655188657067242e+02,4.557358671929530314e-03,4.054209851676244310e-04
5.336920533854499809e+02,3.805248652370862416e-03,3.385135488576320622e-04
5.833449155051175694e+02,3.428727671448440154e-03,3.050183780776638477e-04
6.376173081218863672e+02,3.447727194450073921e-03,3.067085687972316912e-04
6.969390163700397807e+02,3.888796653118479791e-03,3.459459488968291761e-04
7.617798111057361439e+02,4.784656496258422355e-03,4.256413177110056020e-04
8.326531690402251797e+02,6.170306513752985000e-03,5.489082439352552115e-04
9.101203389813875901e+02,8.075731858181825137e-03,7.184141959376314727e-04
9.947947863843172627e+02,1.051584584278326268e-02,9.354858566896622494e-04
1.087347051407514527e+03,1.347896047148543566e-02,1.199083466272674210e-03
1.188510058945817036e+03,1.691567153077421296e-02,1.504812043655725205e-03
1.299084922690421990e+03,2.073043343252433876e-02,1.844171887749947473e-03
1.419947289178573556e+03,2.477812170395219532e-02,2.204252777753483872e-03
1.552054272071681680e+03,2.886742373971687078e-02,2.568035613236510813e-03
1.696452031574684725e+03,3.277194327581504918e-02,2.915380264137324828e-03
1.854284059018367088e+03,3.624856465361274427e-02,3.224659249072869046e-03
2.026800232210550803e+03,3.906114384879886409e-02,3.474865280737157638e-03
2.215366713265829731e+03,4.100630503439760266e-02,3.647906118850822652e-03
2.421476767295141599e+03,4.193735849435958202e-02,3.730732299135135557e-03
2.646762587628777510e+03,4.178235872369457510e-02,3.716943575392407228e-03
2.893008221217237406e+03,4.055315660315834958e-02,3.607594197704094407e-03
3.162163696566648014e+03,3.834382306807657820e-02,3.411052682577419420e-03
3.456360466088422527e+03,3.531870761561083094e-02,3.141939502054981632e-03
3.777928285151694126e+03,3.169221877349370081e-02,2.819328361499736247e-03
4.129413661504391712e+03,2.770376795134222789e-02,2.464517213637052763e-03
4.513600021164621467e+03,2.359192301057884411e-02,2.098728969448889446e-03
4.933529750476805020e+03,1.957159072304014147e-02,1.741081657914145047e-03
5.392528288884461290e+03,1.581711156223175943e-02,1.407084544730645426e-03
5.894230463211208189e+03,1.245278510670640854e-02,1.107795275613913596e-03
6.442609271992153481e+03,9.550894983130183910e-03,8.496441759440773265e-04
7.042007347799889430e+03,7.136083195170380387e-03,6.348233894874009530e-04
7.697171346716433618e+03,5.194144137959250292e-03,4.620691907539732830e-04
8.413289537282667879e+03,3.683039250510924869e-03,3.276418445074838438e-04
9.196032886593564399e+03,2.544116264638659423e-03,2.263236661059384004e-04
1.005159996890157527e+04,1.712008114406249120e-03,1.522996249192916341e-04
1.098676605236106479e+04,1.122310277971574205e-03,9.984031789324606201e-05
1.200893675263366640e+04,7.167345145346140384e-04,6.376044413094976286e-05
1.312620667823938857e+04,4.459046013506140038e-04,3.966751265021664142e-05
1.434742353206831649e+04,2.702488448506445268e-04,2.404123985119097049e-05
